[
  {
    "model": "main.client",
    "pk": 1,
    "fields": {
      "email": "larionovbox@yandex.ru",
      "name": "Ларионов Игорь Александрович",
      "comment": "Тестовый клиент №1",
      "owner": 1
    }
  },
  {
    "model": "main.client",
    "pk": 2,
    "fields": {
      "email": "ialar@bk.ru",
      "name": "Ларионов Игорь Александрович",
      "comment": "",
      "owner": 1
    }
  },
  {
    "model": "main.client",
    "pk": 4,
    "fields": {
      "email": "ailar@gmail.com",
      "name": "Ларионов Алексей Игоревич",
      "comment": "",
      "owner": 1
    }
  },
  {
    "model": "main.client",
    "pk": 5,
    "fields": {
      "email": "jedialar@gmail.com",
      "name": "Оби Ван Кеноби",
      "comment": "Старик Бен с Татуина. Почту проверяет редко.",
      "owner": 5
    }
  },
  {
    "model": "main.client",
    "pk": 6,
    "fields": {
      "email": "polina_sigalova@mail.ru",
      "name": "Сигалова Полина Викторовна",
      "comment": "Зайка",
      "owner": 6
    }
  },
  {
    "model": "main.message",
    "pk": 1,
    "fields": {
      "theme": "Message theme",
      "text": "Lorem ipsum dolor sit amet, consectetur adipiscing elit, sed do eiusmod tempor incididunt ut labore et dolore magna aliqua. Ut enim ad minim veniam, quis nostrud exercitation ullamco laboris nisi ut aliquip ex ea commodo consequat. Duis aute irure dolor in reprehenderit in voluptate velit esse cillum dolore eu fugiat nulla pariatur. Excepteur sint occaecat cupidatat non proident, sunt in culpa qui officia deserunt mollit anim id est laborum.",
      "owner": 1
    }
  },
  {
    "model": "main.message",
    "pk": 2,
    "fields": {
      "theme": "Оцените визит в Пятёрочку",
      "text": "Здравствуйте!\r\n \r\nСпасибо, что выбираете «Пятёрочку». Мы бы хотели убедиться, что все прошло хорошо.\r\n \r\nПожалуйста, поделитесь своими впечатлениями о визите в  «Пятёрочку» в небольшом опросе — это займет всего пару минут и поможет нам стать лучше для Вас. \r\n\r\n*Если у вас на устройстве включен VPN, отключите его, пожалуйста, перед прохождением опроса.\r\n\r\nНаш опрос по ссылке https://o.5ka.ru/0W9MSI4mQKyKQ__cKfJKOA?src=email",
      "owner": 1
    }
  },
  {
    "model": "main.message",
    "pk": 3,
    "fields": {
      "theme": "Test theme",
      "text": "Test text",
      "owner": 1
    }
  },
  {
    "model": "main.message",
    "pk": 8,
    "fields": {
      "theme": "Какая-то тема",
      "text": "Какой-то текст",
      "owner": 5
    }
  },
  {
    "model": "main.message",
    "pk": 9,
    "fields": {
      "theme": "My message theme",
      "text": "Hello! ♥:*",
      "owner": 6
    }
  },
  {
    "model": "main.mailing",
    "pk": 1,
    "fields": {
      "periodicity": "day",
      "status": "completed",
      "start_date": "2024-05-28T17:55:00Z",
      "next_date": "2024-05-30T19:13:32Z",
      "end_date": "2024-05-30T13:42:00Z",
      "title": "Title #1",
      "message": 1,
      "is_active": false,
      "owner": 1,
      "client": [
        2,
        1
      ]
    }
  },
  {
    "model": "main.mailing",
    "pk": 2,
    "fields": {
      "periodicity": "week",
      "status": "completed",
      "start_date": "2024-05-03T13:40:00Z",
      "next_date": "2024-05-25T21:00:00Z",
      "end_date": "2024-05-16T13:40:00Z",
      "title": "Title #2",
      "message": 1,
      "is_active": false,
      "owner": 1,
      "client": [
        2
      ]
    }
  },
  {
    "model": "main.mailing",
    "pk": 3,
    "fields": {
      "periodicity": "week",
      "status": "completed",
      "start_date": "2024-05-01T16:12:00Z",
      "next_date": "2024-05-25T09:00:00Z",
      "end_date": "2024-05-07T16:12:00Z",
      "title": "Title #3",
      "message": 2,
      "is_active": false,
      "owner": 1,
      "client": [
        2,
        1
      ]
    }
  },
  {
    "model": "main.mailing",
    "pk": 5,
    "fields": {
      "periodicity": "day",
      "status": "launched",
      "start_date": "2024-05-20T20:46:00Z",
      "next_date": "2024-05-30T20:28:51.123Z",
      "end_date": "2024-06-06T20:46:00Z",
      "title": "Test",
      "message": 3,
      "is_active": true,
      "owner": 1,
      "client": [
        4
      ]
    }
  },
  {
    "model": "main.mailing",
    "pk": 6,
    "fields": {
      "periodicity": "day",
      "status": "launched",
      "start_date": "2024-05-29T19:56:00Z",
      "next_date": "2024-05-30T20:28:52.178Z",
      "end_date": "2024-05-31T19:54:00Z",
      "title": "Test2",
      "message": 3,
      "is_active": true,
      "owner": 1,
      "client": [
        2
      ]
    }
  },
  {
    "model": "main.mailing",
    "pk": 7,
    "fields": {
      "periodicity": "day",
      "status": "completed",
      "start_date": "2024-05-29T20:11:40Z",
      "next_date": "2024-05-30T20:28:53Z",
      "end_date": "2024-05-30T20:03:00Z",
      "title": "Test3",
      "message": 2,
      "is_active": true,
      "owner": 1,
      "client": [
        1
      ]
    }
  },
  {
    "model": "main.mailing",
    "pk": 8,
    "fields": {
      "periodicity": "day",
      "status": "launched",
      "start_date": "2024-05-29T20:15:00Z",
      "next_date": "2024-05-30T20:28:55.127Z",
      "end_date": "2024-06-01T20:13:00Z",
      "title": "Test4",
      "message": 3,
      "is_active": true,
      "owner": 1,
      "client": [
        1
      ]
    }
  },
  {
    "model": "main.mailing",
    "pk": 9,
    "fields": {
      "periodicity": "day",
      "status": "created",
      "start_date": "2024-05-29T20:50:00Z",
      "next_date": "2024-05-30T20:54:01.142Z",
      "end_date": "2024-06-02T20:47:00Z",
      "title": "Test5",
      "message": 1,
      "is_active": true,
      "owner": 1,
      "client": [
        2
      ]
    }
  },
  {
    "model": "main.mailing",
    "pk": 10,
    "fields": {
      "periodicity": "day",
      "status": "finished",
      "start_date": "2024-05-30T07:12:04Z",
      "next_date": "2024-05-31T07:13:01.487Z",
      "end_date": "2024-05-31T07:11:54Z",
      "title": "Test6",
      "message": 3,
      "is_active": true,
      "owner": 1,
      "client": [
        2
      ]
    }
  },
  {
    "model": "main.mailing",
    "pk": 11,
    "fields": {
      "periodicity": "day",
      "status": "created",
      "start_date": "2024-05-30T07:17:37Z",
      "next_date": "2024-05-31T07:21:01.331Z",
      "end_date": "2024-05-31T09:00:00Z",
      "title": "Тест 7",
      "message": 3,
      "is_active": true,
      "owner": 1,
      "client": [
        2
      ]
    }
  },
  {
    "model": "main.mailing",
    "pk": 13,
    "fields": {
      "periodicity": "month",
      "status": "created",
      "start_date": "2024-06-06T06:57:00Z",
      "next_date": "2024-07-06T21:09:02.259Z",
      "end_date": "2024-08-11T06:57:00Z",
      "title": "Some title",
      "message": 9,
      "is_active": true,
      "owner": 6,
      "client": [
        6
      ]
    }
  },
  {
    "model": "main.logs",
    "pk": 1,
    "fields": {
      "last_mailing_time": "2024-05-28T21:03:32.075Z",
      "status": "true",
      "response": "Исключения не генерировались",
      "mailing": 1
    }
  },
  {
    "model": "main.logs",
    "pk": 2,
    "fields": {
      "last_mailing_time": "2024-05-28T21:04:01.111Z",
      "status": "true",
      "response": "Исключения не генерировались",
      "mailing": 1
    }
  },
  {
    "model": "main.logs",
    "pk": 3,
    "fields": {
      "last_mailing_time": "2024-05-28T21:10:02.100Z",
      "status": "true",
      "response": "Исключения не генерировались",
      "mailing": 5
    }
  },
  {
    "model": "main.logs",
    "pk": 4,
    "fields": {
      "last_mailing_time": "2024-05-28T21:10:31.262Z",
      "status": "true",
      "response": "Исключения не генерировались",
      "mailing": 5
    }
  },
  {
    "model": "main.logs",
    "pk": 5,
    "fields": {
      "last_mailing_time": "2024-05-29T19:13:32.360Z",
      "status": "true",
      "response": "Исключения не генерировались",
      "mailing": 1
    }
  },
  {
    "model": "main.logs",
    "pk": 6,
    "fields": {
      "last_mailing_time": "2024-05-29T19:59:48.578Z",
      "status": "true",
      "response": "Исключения не генерировались",
      "mailing": 6
    }
  },
  {
    "model": "main.logs",
    "pk": 7,
    "fields": {
      "last_mailing_time": "2024-05-29T20:04:21.843Z",
      "status": "true",
      "response": "Исключения не генерировались",
      "mailing": 7
    }
  },
  {
    "model": "main.logs",
    "pk": 8,
    "fields": {
      "last_mailing_time": "2024-05-29T20:14:02.158Z",
      "status": "true",
      "response": "Исключения не генерировались",
      "mailing": 8
    }
  },
  {
    "model": "main.logs",
    "pk": 9,
    "fields": {
      "last_mailing_time": "2024-05-29T20:28:51.123Z",
      "status": "true",
      "response": "Исключения не генерировались",
      "mailing": 5
    }
  },
  {
    "model": "main.logs",
    "pk": 10,
    "fields": {
      "last_mailing_time": "2024-05-29T20:28:52.178Z",
      "status": "true",
      "response": "Исключения не генерировались",
      "mailing": 6
    }
  },
  {
    "model": "main.logs",
    "pk": 11,
    "fields": {
      "last_mailing_time": "2024-05-29T20:28:53.823Z",
      "status": "true",
      "response": "Исключения не генерировались",
      "mailing": 7
    }
  },
  {
    "model": "main.logs",
    "pk": 12,
    "fields": {
      "last_mailing_time": "2024-05-29T20:28:55.127Z",
      "status": "true",
      "response": "Исключения не генерировались",
      "mailing": 8
    }
  },
  {
    "model": "main.logs",
    "pk": 13,
    "fields": {
      "last_mailing_time": "2024-05-29T20:50:03.217Z",
      "status": "Отправлено",
      "response": "Исключения не генерировались",
      "mailing": 9
    }
  },
  {
    "model": "main.logs",
    "pk": 14,
    "fields": {
      "last_mailing_time": "2024-05-29T20:50:31.103Z",
      "status": "Отправлено",
      "response": "Исключения не генерировались",
      "mailing": 9
    }
  },
  {
    "model": "main.logs",
    "pk": 15,
    "fields": {
      "last_mailing_time": "2024-05-29T20:51:01.139Z",
      "status": "Отправлено",
      "response": "Исключения не генерировались",
      "mailing": 9
    }
  },
  {
    "model": "main.logs",
    "pk": 16,
    "fields": {
      "last_mailing_time": "2024-05-29T20:51:31.125Z",
      "status": "Отправлено",
      "response": "Исключения не генерировались",
      "mailing": 9
    }
  },
  {
    "model": "main.logs",
    "pk": 17,
    "fields": {
      "last_mailing_time": "2024-05-29T20:52:01.177Z",
      "status": "Отправлено",
      "response": "Исключения не генерировались",
      "mailing": 9
    }
  },
  {
    "model": "main.logs",
    "pk": 18,
    "fields": {
      "last_mailing_time": "2024-05-29T20:52:31.360Z",
      "status": "Отправлено",
      "response": "Исключения не генерировались",
      "mailing": 9
    }
  },
  {
    "model": "main.logs",
    "pk": 19,
    "fields": {
      "last_mailing_time": "2024-05-29T20:53:01.230Z",
      "status": "Отправлено",
      "response": "Исключения не генерировались",
      "mailing": 9
    }
  },
  {
    "model": "main.logs",
    "pk": 20,
    "fields": {
      "last_mailing_time": "2024-05-29T20:53:31.316Z",
      "status": "Отправлено",
      "response": "Исключения не генерировались",
      "mailing": 9
    }
  },
  {
    "model": "main.logs",
    "pk": 21,
    "fields": {
      "last_mailing_time": "2024-05-29T20:54:01.142Z",
      "status": "Отправлено",
      "response": "Исключения не генерировались",
      "mailing": 9
    }
  },
  {
    "model": "main.logs",
    "pk": 22,
    "fields": {
      "last_mailing_time": "2024-05-30T07:13:01.487Z",
      "status": "Отправлено",
      "response": "Исключения не генерировались",
      "mailing": 10
    }
  },
  {
    "model": "main.logs",
    "pk": 23,
    "fields": {
      "last_mailing_time": "2024-05-30T07:21:01.331Z",
      "status": "Отправлено",
      "response": "Исключения не генерировались",
      "mailing": 11
    }
  },
  {
    "model": "main.logs",
    "pk": 25,
    "fields": {
      "last_mailing_time": "2024-06-06T21:09:02.259Z",
      "status": "Отправлено",
      "response": "Исключения не генерировались",
      "mailing": 13
    }
  }
]
